index,sequence,due_ns,receipt_ns,server_ns,late_ns,outage_intersections
0,301,1791135764250080564,1791135764253409339,1791135764250590137,3328775,
1,302,1791135764551083908,1791135764829805319,1791135764779768808,278721411,
2,303,1791135764852087252,1791135765031111599,1791135765029974291,179024347,
3,304,1791135765153090597,1791135765330190719,1791135765280451269,177100122,
4,305,1791135765454093941,1791135765533830436,1791135765531249796,79736495,
5,306,1791135765755097286,1791135765782683470,1791135765781698634,27586184,
6,307,1791135766056100630,1791135766283870929,1791135766283112647,227770299,
7,308,1791135766357103975,1791135766535927337,1791135766533994931,178823362,
8,309,1791135766658107319,1791135766830700086,1791135766829362404,172592767,
9,310,1791135766959110664,1791135767085462105,1791135767080612798,126351441,
10,311,1791135767260114008,1791135767332718734,1791135767331637852,72604726,
11,312,1791135767561117353,1791135767583045331,1791135767581723293,21927978,
12,313,1791135767862120697,1791135768083553631,1791135768082549896,221432934,
13,314,1791135768163124042,1791135768337128745,1791135768333188279,174004703,
14,315,1791135768464127386,1791135768585360813,1791135768583272111,121233427,
15,316,1791135768765130731,1791135768836796879,1791135768834809269,71666148,
16,317,1791135769066134075,1791135769087134998,1791135769085115180,21000923,
17,318,1791135769367137420,1791135769594487462,1791135769592707548,227350042,
18,319,1791135769668140764,1791135769845284047,1791135769843757498,177143283,
19,320,1791135769969144109,1791135770133173432,1791135770094698622,164029323,
20,321,1791135770270147453,1791135770351351874,1791135770347668369,81204421,
21,322,1791135770571150798,1791135770599978189,1791135770598225147,28827391,
22,323,1791135770872154142,1791135771100931584,1791135771098867469,228777442,
23,324,1791135771173157487,1791135771351401962,1791135771349683602,178244475,
24,325,1791135771474160831,1791135771601074559,1791135771600122273,126913728,
25,326,1791135771775164176,1791135771852847085,1791135771850627834,77682909,
26,327,1791135772076167520,1791135772132701355,1791135772130184912,56533835,
27,328,1791135772377170865,1791135772382199648,1791135772381404060,5028783,
28,329,1791135772678174209,1791135772883427331,1791135772882338457,205253122,
29,330,1791135772979177553,1791135773139504661,1791135773132783903,160327108,
30,331,1791135773280180898,1791135773384175104,1791135773383101404,103994206,
31,332,1791135773581184242,1791135773636830291,1791135773633481755,55646049,
32,333,1791135773882187587,1791135773885917599,1791135773883778529,3730012,
33,334,1791135774183190931,1791135774429288132,1791135774385930176,246097201,
34,335,1791135774484194276,1791135774637754974,1791135774636553068,153560698,
35,336,1791135774785197620,1791135774888690596,1791135774887203747,103492976,
36,337,1791135775086200965,1791135775143476869,1791135775138693794,57275904,
37,338,1791135775387204309,1791135775429351904,1791135775388903437,42147595,
38,339,1791135775688207654,1791135775930073368,1791135775890310902,241865714,
39,340,1791135775989210998,1791135776144322529,1791135776140659215,155111531,
40,341,1791135776290214343,1791135776398567522,1791135776392942587,108353179,
41,342,1791135776591217687,1791135776645549501,1791135776644003012,54331814,
42,343,1791135776892221032,1791135776934602876,1791135776895184760,42381844,
43,344,1791135777193224376,1791135777432504133,1791135777429380377,239279757,
44,345,1791135777494227721,1791135777681829773,1791135777679837116,187602052,
45,346,1791135777795231065,1791135777931696333,1791135777930806071,136465268,
46,347,1791135778096234410,1791135778182657918,1791135778181373718,86423508,
47,348,1791135778397237754,1791135778435460049,1791135778432476116,38222295,
48,349,1791135778698241099,1791135778934004465,1791135778933219683,235763366,
49,350,1791135778999244443,1791135779186098322,1791135779184315134,186853879,
50,351,1791135779300247788,1791135779436778469,1791135779434442070,136530681,
51,352,1791135779601251132,1791135779692611941,1791135779685771361,91360809,
52,353,1791135779902254477,1791135779942225658,1791135779937372367,39971181,
53,354,1791135780203257821,1791135780439350209,1791135780438365423,236092388,
54,355,1791135780504261166,1791135780689416122,1791135780688512710,185154956,
55,356,1791135780805264510,1791135780939574817,1791135780939055278,134310307,
56,357,1791135781106267854,1791135781231200124,1791135781229455985,124932270,
57,358,1791135781407271199,1791135781529532103,1791135781479814496,122260904,
58,359,1791135781708274543,1791135781732902140,1791135781730370183,24627597,
59,360,1791135782009277888,1791135782232620600,1791135782230839043,223342712,
60,361,1791135782310281232,1791135782529320226,1791135782481277503,219038994,
61,362,1791135782611284577,1791135782740469440,1791135782731890979,129184863,
62,363,1791135782912287921,1791135782985225218,1791135782983024706,72937297,
63,364,1791135783213291266,1791135783252827740,1791135783233196981,39536474,
64,365,1791135783514294610,1791135783737459063,1791135783734589363,223164453,
65,366,1791135783815297955,1791135783985867359,1791135783984743752,170569404,
66,367,1791135784116301299,1791135784236599334,1791135784235086025,120298035,
67,368,1791135784417304644,1791135784529367023,1791135784486188815,112062379,
68,369,1791135784718307988,1791135784737974070,1791135784736270091,19666082,
69,370,1791135785019311333,1791135785238925884,1791135785237484494,219614551,
70,371,1791135785320314677,1791135785531620208,1791135785529384352,211305531,
71,372,1791135785621318022,1791135785832173347,1791135785830567037,210855325,
72,373,1791135785922321366,1791135786133778466,1791135786081172181,211457100,
73,374,1791135786223324711,1791135786332911353,1791135786332063235,109586642,
74,375,1791135786524328055,1791135786584653997,1791135786582968597,60325942,
75,376,1791135786825331400,1791135786834359777,1791135786833082788,9028377,
76,377,1791135787126334744,1791135787336745014,1791135787334539684,210410270,
77,378,1791135787427338089,1791135787586675652,1791135787585155053,159337563,
78,379,1791135787728341433,1791135787838108843,1791135787835230771,109767410,
79,380,1791135788029344778,1791135788088813988,1791135788086193958,59469210,
80,381,1791135788330348122,1791135788340142990,1791135788337734191,9794868,
81,382,1791135788631351467,1791135788843068621,1791135788838915383,211717154,
82,383,1791135788932354811,1791135789092527363,1791135789089198657,160172552,
83,384,1791135789233358155,1791135789341114351,1791135789339771171,107756196,
84,385,1791135789534361500,1791135789592382435,1791135789590961607,58020935,
85,386,1791135789835364844,1791135789843583178,1791135789842166216,8218334,
86,387,1791135790136368189,1791135790345200683,1791135790343756700,208832494,
87,388,1791135790437371533,1791135790630129871,1791135790594163101,192758338,
88,389,1791135790738374878,1791135790845560126,1791135790844804318,107185248,
89,390,1791135791039378222,1791135791131681061,1791135791129977693,92302839,
90,391,1791135791340381567,1791135791381951079,1791135791380448497,41569512,
91,392,1791135791641384911,1791135791883473599,1791135791881867700,242088688,
92,393,1791135791942388256,1791135792134775390,1791135792133102248,192387134,
93,394,1791135792243391600,1791135792431223036,1791135792385624516,187831436,
94,395,1791135792544394945,1791135792638874249,1791135792636325948,94479304,
95,396,1791135792845398289,1791135792930670211,1791135792929233308,85271922,
96,397,1791135793146401634,1791135793182412741,1791135793179964643,36011107,
97,398,1791135793447404978,1791135793683516875,1791135793681249260,236111897,
98,399,1791135793748408323,1791135793936762549,1791135793935204442,188354226,
99,400,1791135794049411667,1791135794230508096,1791135794185817075,181096429,
100,401,1791135794350415012,1791135794438253074,1791135794436410956,87838062,
101,402,1791135794651418356,1791135807730709914,1791135794687425194,13079291558,1
102,403,1791135794952421701,1791135805434931304,1791135795188168460,10482509603,1
103,404,1791135795253425045,1791135805250823421,1791135795439247732,9997398376,1
104,405,1791135795554428390,1791135805347437358,1791135800430110222,9793008968,1
105,406,1791135795855431734,1791135805442964515,1791135800430122480,9587532781,1
106,407,1791135796156435079,1791135805466331067,1791135800430124604,9309895988,1
107,408,1791135796457438423,1791135805270214624,1791135800430125385,8812776201,1
108,409,1791135796758441768,1791135805436096033,1791135800430126236,8677654265,1
109,410,1791135797059445112,1791135805246510460,1791135800430126897,8187065348,1
110,411,1791135797360448456,1791135805344517233,1791135800430129301,7984068777,1
111,412,1791135797661451801,1791135805269150828,1791135800430129992,7607699027,1
112,413,1791135797962455145,1791135805254641490,1791135800430130733,7292186345,1
113,414,1791135798263458490,1791135805439065393,1791135800430132015,7175606903,1
114,415,1791135798564461834,1791135805275569968,1791135800430132856,6711108134,1
115,416,1791135798865465179,1791135802140952693,1791135800430133637,3275487514,1
116,417,1791135799166468523,1791135805455451171,1791135800430134669,6288982648,1
117,418,1791135799467471868,1791135805361432776,1791135800430135640,5893960908,1
118,419,1791135799768475212,1791135805453289628,1791135800430136552,5684814416,1
119,420,1791135800069478557,1791135805352652359,1791135800430137924,5283173802,1
120,421,1791135800370481901,1791135805361127092,1791135800430138625,4990645191,1
121,422,1791135800671485246,1791135805458416225,1791135800687535995,4786930979,1
122,423,1791135800972488590,1791135805270470423,1791135801229355903,4297981833,1
123,424,1791135801273491935,1791135805343289128,1791135801479798807,4069797193,1
124,425,1791135801574495279,1791135805334308487,1791135801730543722,3759813208,1
125,426,1791135801875498624,1791135805368965177,1791135801981808786,3493466553,1
126,427,1791135802176501968,1791135805477435835,1791135802232947116,3300933867,1
127,428,1791135802477505313,1791135805274625574,1791135802484560148,2797120261,1
128,429,1791135802778508657,1791135805279140432,1791135802985727549,2500631775,1
129,430,1791135803079512002,1791135805361440428,1791135803236701722,2281928426,1
130,431,1791135803380515346,1791135805382458152,1791135803529296523,2001942806,1
131,432,1791135803681518691,1791135805335019847,1791135803779493245,1653501156,1
132,433,1791135803982522035,1791135805254076772,1791135804029607715,1271554737,1
133,434,1791135804283525380,1791135805445521649,1791135804530984878,1161996269,1
134,435,1791135804584528724,1791135805342343191,1791135804781428215,757814467,1
135,436,1791135804885532069,1791135805263619747,1791135805031883954,378087678,1
136,437,1791135805186535413,1791135805458653846,1791135805282668851,272118433,1
137,438,1791135805487538757,1791135805535358725,1791135805533304335,47819968,
138,439,1791135805788542102,1791135806041340780,1791135806034978456,252798678,
139,440,1791135806089545446,1791135806285950853,1791135806285063866,196405407,
140,441,1791135806390548791,1791135806536760094,1791135806535886958,146211303,
141,442,1791135806691552135,1791135806830742893,1791135806829312170,139190758,
142,443,1791135806992555480,1791135807081185097,1791135807079871351,88629617,
143,444,1791135807293558824,1791135807332850287,1791135807331093229,39291463,
144,445,1791135807594562169,1791135807834345757,1791135807832836585,239783588,
145,446,1791135807895565513,1791135808133800055,1791135808129362294,238234542,
146,447,1791135808196568858,1791135808433805111,1791135808379971071,237236253,
147,448,1791135808497572202,1791135808634090820,1791135808632687238,136518618,
148,449,1791135808798575547,1791135808885224315,1791135808882819893,86648768,
149,450,1791135809099578891,1791135809133897246,1791135809133058432,34318355,
150,451,1791135809400582236,1791135809636029175,1791135809633670883,235446939,
151,452,1791135809701585580,1791135809885380416,1791135809884532158,183794836,
152,453,1791135810002588925,1791135810135676239,1791135810134775301,133087314,
153,454,1791135810303592269,1791135810434165589,1791135810429407422,130573320,
154,455,1791135810604595614,1791135810681370049,1791135810680164659,76774435,
155,456,1791135810905598958,1791135810938307538,1791135810930953649,32708580,
156,457,1791135811206602303,1791135811433103088,1791135811432071000,226500785,
157,458,1791135811507605647,1791135811731086734,1791135811729825348,223481087,
158,459,1791135811808608992,1791135811982274831,1791135811980412733,173665839,
159,460,1791135812109612336,1791135812232330637,1791135812231328195,122718301,
160,461,1791135812410615681,1791135812532564581,1791135812481751470,121948900,
161,462,1791135812711619025,1791135812733851763,1791135812732529935,22232738,
162,463,1791135813012622370,1791135813236178843,1791135813233787811,223556473,
163,464,1791135813313625714,1791135813485577201,1791135813484754171,171951487,
164,465,1791135813614629058,1791135813741532402,1791135813735873116,126903344,
165,466,1791135813915632403,1791135814030443896,1791135813986835228,114811493,
166,467,1791135814216635747,1791135814239104557,1791135814237922622,22468810,
167,468,1791135814517639092,1791135814534313478,1791135814529343418,16674386,
168,469,1791135814818642436,1791135815032169017,1791135815030378968,213526581,
169,470,1791135815119645781,1791135815286147422,1791135815281283704,166501641,
170,471,1791135815420649125,1791135815533589858,1791135815532394433,112940733,
171,472,1791135815721652470,1791135815785058992,1791135815783328584,63406522,
172,473,1791135816022655814,1791135816036070951,1791135816033800402,13415137,
173,474,1791135816323659159,1791135816332418232,1791135816329761897,8759073,
174,475,1791135816624662503,1791135816832000150,1791135816831172103,207337647,
175,476,1791135816925665848,1791135817082621170,1791135817081583634,156955322,
176,477,1791135817226669192,1791135817334777008,1791135817333179321,108107816,
177,478,1791135817527672537,1791135817585626202,1791135817584330224,57953665,
178,479,1791135817828675881,1791135817838976758,1791135817837621780,10300877,
179,480,1791135818129679226,1791135818343611351,1791135818341739598,213932125,
180,481,1791135818430682570,1791135818632016218,1791135818630475137,201333648,
181,482,1791135818731685915,1791135818884888225,1791135818882022021,153202310,
182,483,1791135819032689259,1791135819133400044,1791135819132213502,100710785,
183,484,1791135819333692604,1791135819386992898,1791135819382329775,53300294,
184,485,1791135819634695948,1791135819886016312,1791135819884093290,251320364,
185,486,1791135819935699293,1791135820136427829,1791135820135184551,200728536,
186,487,1791135820236702637,1791135820387393509,1791135820385358398,150690872,
187,488,1791135820537705982,1791135820640500416,1791135820636473089,102794434,
188,489,1791135820838709326,1791135820889622222,1791135820886703378,50912896,
189,490,1791135821139712671,1791135821436559693,1791135821429401499,296847022,
190,491,1791135821440716015,1791135821680909535,1791135821679548507,240193520,
191,492,1791135821741719359,1791135821931546875,1791135821930452743,189827516,
192,493,1791135822042722704,1791135822182516782,1791135822180970564,139794078,
193,494,1791135822343726048,1791135822437457140,1791135822431511588,93731092,
194,495,1791135822644729393,1791135822683188570,1791135822681982588,38459177,
195,496,1791135822945732737,1791135823237613965,1791135823229418216,291881228,
196,497,1791135823246736082,1791135823481833748,1791135823479545122,235097666,
197,498,1791135823547739426,1791135823731240935,1791135823730222177,183501509,
198,499,1791135823848742771,1791135824029905268,1791135823981026556,181162497,
199,500,1791135824149746115,1791135824233532740,1791135824231880821,83786625,
200,501,1791135824450749460,1791135824482860195,1791135824482083095,32110735,
201,502,1791135824751752804,1791135837984311139,1791135824983425178,13232558335,2
202,503,1791135825052756149,1791135838235067571,1791135825234441757,13182311422,2
203,504,1791135825353759493,1791135835364492207,1791135825529380424,10010732714,2
204,505,1791135825654762838,1791135835334681798,1791135831583999616,9679918960,2
205,506,1791135825955766182,1791135835243196752,1791135831584012887,9287430570,2
206,507,1791135826256769527,1791135835576877862,1791135831584014529,9320108335,2
207,508,1791135826557772871,1791135835445799756,1791135831584017293,8888026885,2
208,509,1791135826858776216,1791135835535195670,1791135831584018806,8676419454,2
209,510,1791135827159779560,1791135835367968297,1791135831584020588,8208188737,2
210,511,1791135827460782905,1791135835243201369,1791135831584021880,7782418464,2
211,512,1791135827761786249,1791135835341586125,1791135831584023413,7579799876,2
212,513,1791135828062789594,1791135835355402761,1791135831584024845,7292613167,2
213,514,1791135828363792938,1791135835477683454,1791135831584027248,7113890516,2
214,515,1791135828664796283,1791135835541952273,1791135831584028460,6877155990,2
215,516,1791135828965799627,1791135835242801762,1791135831584029512,6277002135,2
216,517,1791135829266802972,1791135835267517743,1791135831584030704,6000714771,2
217,518,1791135829567806316,1791135835373080963,1791135831584031996,5805274647,2
218,519,1791135829868809660,1791135835351366531,1791135831584033438,5482556871,2
219,520,1791135830169813005,1791135835470927873,1791135831584035421,5301114868,2
220,521,1791135830470816349,1791135835548214915,1791135831584036783,5077398566,2
221,522,1791135830771819694,1791135835378745617,1791135831584037915,4606925923,2
222,523,1791135831072823038,1791135835269951140,1791135831584039437,4197128102,2
223,524,1791135831373826383,1791135835236127485,1791135831584040549,3862301102,2
224,525,1791135831674829727,1791135835243132374,1791135831837284711,3568302647,2
225,526,1791135831975833072,1791135835535535366,1791135832087752653,3559702294,2
226,527,1791135832276836416,1791135835367499175,1791135832338494834,3090662759,2
227,528,1791135832577839761,1791135835277706740,1791135832629629998,2699866979,2
228,529,1791135832878843105,1791135835269413823,1791135832879797046,2390570718,2
229,530,1791135833179846450,1791135835576063705,1791135833384475121,2396217255,2
230,531,1791135833480849794,1791135835483414860,1791135833635198936,2002565066,2
231,532,1791135833781853139,1791135835243190483,1791135833886886477,1461337344,2
232,533,1791135834082856483,1791135835344079082,1791135834138020360,1261222599,2
233,534,1791135834383859828,1791135835445314329,1791135834388831308,1061454501,2
234,535,1791135834684863172,1791135835564420360,1791135834929344401,879557188,2
235,536,1791135834985866517,1791135835253081656,1791135835180142468,267215139,2
236,537,1791135835286869861,1791135835440542441,1791135835430869198,153672580,2
237,538,1791135835587873206,1791135835683188018,1791135835681199608,95314812,
238,539,1791135835888876550,1791135835936290385,1791135835932857210,47413835,
239,540,1791135836189879895,1791135836437649755,1791135836434595405,247769860,
240,541,1791135836490883239,1791135836731103428,1791135836729309133,240220189,
241,542,1791135836791886584,1791135836981650897,1791135836980307566,189764313,
242,543,1791135837092889928,1791135837232549712,1791135837231198349,139659784,
243,544,1791135837393893273,1791135837484239826,1791135837483387802,90346553,
244,545,1791135837694896617,1791135837736130129,1791135837734365829,41233512,
245,546,1791135837995899961,1791135838243242048,1791135838234792533,247342087,
246,547,1791135838296903306,1791135838532022444,1791135838529449526,235119138,
247,548,1791135838597906650,1791135838782156034,1791135838779674855,184249384,
248,549,1791135838898909995,1791135839035141213,1791135839030409476,136231218,
249,550,1791135839199913339,1791135839332850168,1791135839280779056,132936829,
250,551,1791135839500916684,1791135839537035918,1791135839531515733,36119234,
251,552,1791135839801920028,1791135840033860056,1791135840032554973,231940028,
252,553,1791135840102923373,1791135840329426279,1791135840283284514,226502906,
253,554,1791135840403926717,1791135840534433656,1791135840533451995,130506939,
254,555,1791135840704930062,1791135840838443273,1791135840784507237,133513211,
255,556,1791135841005933406,1791135841055475820,1791135841035525948,49542414,
256,557,1791135841306936751,1791135841538679878,1791135841536392754,231743127,
257,558,1791135841607940095,1791135841831327341,1791135841787446631,223387246,
258,559,1791135841908943440,1791135842043679595,1791135842037882630,134736155,
259,560,1791135842209946784,1791135842330081569,1791135842288196650,120134785,
260,561,1791135842510950129,1791135842539447324,1791135842538276405,28497195,
261,562,1791135842811953473,1791135842833038713,1791135842830402739,21085240,
262,563,1791135843112956818,1791135843332322688,1791135843331223468,219365870,
263,564,1791135843413960162,1791135843583423944,1791135843582409122,169463782,
264,565,1791135843714963507,1791135843833913140,1791135843832882304,118949633,
265,566,1791135844015966851,1791135844129342707,1791135844083330759,113375856,
266,567,1791135844316970196,1791135844335483271,1791135844333656216,18513075,
267,568,1791135844617973540,1791135844836256198,1791135844833895713,218282658,
268,569,1791135844918976885,1791135845085744287,1791135845084267334,166767402,
269,570,1791135845219980229,1791135845338220482,1791135845335179543,118240253,
270,571,1791135845520983574,1791135845629323610,1791135845585439194,108340036,
271,572,1791135845821986918,1791135845837228673,1791135845835620129,15241755,
272,573,1791135846122990262,1791135846132339795,1791135846129335832,9349533,
273,574,1791135846423993607,1791135846634522752,1791135846630149359,210529145,
274,575,1791135846724996951,1791135846931210599,1791135846880915982,206213648,
275,576,1791135847026000296,1791135847135014891,1791135847132036176,109014595,
276,577,1791135847327003640,1791135847390152267,1791135847382279850,63148627,
277,578,1791135847628006985,1791135847638985948,1791135847633303987,10978963,
278,579,1791135847929010329,1791135848135104999,1791135848133647235,206094670,
279,580,1791135848230013674,1791135848430867209,1791135848383871318,200853535,
280,581,1791135848531017018,1791135848635216366,1791135848634138219,104199348,
281,582,1791135848832020363,1791135848931073391,1791135848884757941,99053028,
282,583,1791135849133023707,1791135849137595906,1791135849135750763,4572199,
283,584,1791135849434027052,1791135849639087093,1791135849636936086,205060041,
284,585,1791135849735030396,1791135849932004858,1791135849930826118,196974462,
285,586,1791135850036033741,1791135850182971222,1791135850181099248,146937481,
286,587,1791135850337037085,1791135850437132383,1791135850431368307,100095298,
287,588,1791135850638040430,1791135850683296619,1791135850682293355,45256189,
288,589,1791135850939043774,1791135851230063601,1791135851183984490,291019827,
289,590,1791135851240047119,1791135851437033068,1791135851434303402,196985949,
290,591,1791135851541050463,1791135851686168793,1791135851684977744,145118330,
291,592,1791135851842053808,1791135851937769019,1791135851935991859,95715211,
292,593,1791135852143057152,1791135852230482177,1791135852229414845,87425025,
293,594,1791135852444060497,1791135852481044224,1791135852479891964,36983727,
294,595,1791135852745063841,1791135852981991520,1791135852980718216,236927679,
295,596,1791135853046067186,1791135853233157246,1791135853231503925,187090060,
296,597,1791135853347070530,1791135853485622291,1791135853481949623,138551761,
297,598,1791135853648073875,1791135853734164069,1791135853733167525,86090194,
298,599,1791135853949077219,1791135853985441792,1791135853984176090,36364573,
299,600,1791135854250080564,1791135854530756318,1791135854485818912,280675754,
